1;Исакова;Вероника;Миловановна;37;Исторический
2;Князев;Никон;Иннокентиевич;34;Исторический
3;Мельников;Мина;Поликарпович;10;Романтика
4;Романов;Трофим;Афиногенович;24;Триллер
5;Шарова;Ия;Евстафиевна;12;Исторический
6;Ермаков;Матвей;Бориславович;7;Триллер
7;Бобылев;Мокей;Ермолаевич;22;Исторический
8;Елисеева;Пелагея;Викториновна;5;Романтика
9;Кириллов;Валерий;Казимирович;18;Научная фантастика
10;Агафонова;Татьяна;Мокеевна;37;Научная фантастика
11;Полякова;Прасковья;Амвросиевна;2;Романтика
12;Константинова;Октябрина;Велимировна;26;Нон-фикшн
13;Орлова;Вера;Самсоновна;22;Фэнтези
14;Жуков;Серафим;Исаевич;31;Фэнтези
15;Князева;Кира;Селиверстовна;8;Романтика
16;Громов;Антонин;Захарович;4;Триллер
17;Петрова;Ангелина;Селивановна;17;Фэнтези
18;Комиссаров;Евгений;Глебович;6;Научная фантастика
19;Власов;Трофим;Феофанович;23;Романтика
20;Антонова;Маргарита;Лаврентиевна;21;Исторический
21;Калашникова;Кира;Сергеевна;33;Научная фантастика
22;Калашников;Тихон;Епифанович;15;Исторический
23;Смирнов;Глеб;Арсениевич;40;Научная фантастика
24;Логинов;Вацлав;Иосифович;36;Научная фантастика
25;Алексеев;Всемил;Матвеевич;4;Исторический
26;Логинова;Тамара;Вацлавовна;11;Фэнтези
27;Комиссарова;Ольга;Прокофиевна;2;Нон-фикшн
28;Муравьева;Дарья;Дмитриевна;9;Исторический
29;Гущин;Лаврентий;Родионович;12;Нон-фикшн
30;Коновалова;Ольга;Евгениевна;31;Нон-фикшн
31;Артемьева;София;Михеевна;31;Нон-фикшн
32;Васильева;Ксения;Харитоновна;11;Нон-фикшн
33;Лапина;Анжела;Эрнестовна;37;Фэнтези
34;Зиновьева;Маргарита;Дементиевна;15;Романтика
35;Буров;Мир;Агафонович;15;Исторический
36;Горбунов;Наум;Авксентиевич;35;Триллер
37;Владимирова;Анастасия;Святополковна;10;Научная фантастика
38;Журавлева;Таисия;Филаретовна;22;Нон-фикшн
39;Брагина;Нина;Владиленовна;38;Фэнтези
40;Зимина;Анастасия;Климентовна;2;Исторический
41;Воронцова;Тамара;Станимировна;25;Исторический
42;Федосеева;Евфросиния;Григориевна;4;Романтика
43;Герасимов;Куприян;Агафонович;39;Научная фантастика
44;Козлов;Николай;Марианович;8;Фэнтези
45;Чернов;Лукьян;Миланович;30;Фэнтези
46;Кулагина;Анжелика;Власовна;10;Научная фантастика
47;Богданова;Марина;Авксентиевна;32;Романтика
48;Чернов;Парфен;Степанович;14;Романтика
49;Прохорова;Евпраксия;Елизаровна;11;Исторический
50;Мясников;Евсей;Стоянович;8;Научная фантастика
51;Мартынова;Олимпиада;Бояновна;24;Фэнтези
52;Комаров;Данила;Ферапонтович;23;Романтика
53;Воронова;Ия;Федосиевна;5;Триллер
54;Лыткина;Клавдия;Аскольдовна;12;Триллер
55;Фомина;Нина;Сильвестровна;15;Нон-фикшн
56;Мартынова;Жанна;Лонгиновна;37;Триллер
57;Моисеева;Олимпиада;Кузьмаовна;7;Фэнтези
58;Шубин;Никон;Миронович;23;Романтика
59;Фадеева;Раиса;Галактионовна;10;Фэнтези
60;Фокин;Боян;Доброславович;14;Фэнтези
61;Осипова;Анна;Милиевна;36;Романтика
62;Муравьева;Александра;Эдуардовна;16;Научная фантастика
63;Тарасов;Станислав;Спиридонович;6;Научная фантастика
64;Дементьева;Нинель;Галактионовна;28;Нон-фикшн
65;Котова;Маргарита;Глебовна;9;Исторический
66;Харитонов;Аскольд;Власович;3;Фэнтези
67;Русакова;Октябрина;Брониславовна;30;Научная фантастика
68;Дмитриев;Амос;Никандрович;27;Нон-фикшн
69;Крюкова;Нинель;Лазарьовна;12;Исторический
70;Комиссарова;Марина;Степановна;28;Научная фантастика
71;Калинин;Прокл;Велимирович;31;Триллер
72;Мишина;Глафира;Руслановна;7;Триллер
73;Князев;Назар;Минаович;13;Романтика
74;Емельянова;София;Данилаовна;5;Нон-фикшн
75;Силина;Елизавета;Федоровна;32;Романтика
76;Денисов;Мир;Леонович;23;Нон-фикшн
77;Зиновьева;Нина;Прохоровна;1;Нон-фикшн
78;Щукин;Савелий;Демидович;22;Исторический
79;Третьякова;Ираида;Аристарховна;3;Исторический
80;Моисеева;Евгения;Евстигнеевна;25;Исторический
81;Гаврилов;Марк;Самсонович;24;Нон-фикшн
82;Доронина;Варвара;Савватиевна;9;Фэнтези
83;Жданов;Наркис;Севастьянович;2;Триллер
84;Молчанова;Оксана;Твердиславовна;6;Исторический
85;Зиновьева;Ксения;Аверкиевна;17;Нон-фикшн
86;Белова;Акулина;Галактионовна;40;Исторический
87;Терентьева;Марфа;Елисеевна;40;Научная фантастика
88;Харитонов;Сидор;Эрастович;28;Триллер
89;Рожкова;Полина;Эрнстовна;32;Триллер
90;Мельников;Эдуард;Валентинович;15;Триллер
91;Герасимова;Прасковья;Викторовна;38;Нон-фикшн
92;Шаров;Владислав;Порфириевич;21;Фэнтези
93;Евдокимова;Агата;Вышеславовна;28;Нон-фикшн
94;Гусева;Лариса;Леонидовна;11;Нон-фикшн
95;Гордеев;Любим;Ираклиевич;24;Исторический
96;Пахомов;Радислав;Мечиславович;6;Исторический
97;Баранова;Ирина;Арефиевна;1;Научная фантастика
98;Дементьев;Пантелеймон;Андреевич;39;Фэнтези
99;Пахомова;Ульяна;Ульяновна;16;Фэнтези
100;Веселов;Сильвестр;Осипович;34;Нон-фикшн
101;Колесников;Фортунат;Твердиславович;7;Научная фантастика
102;Соболев;Азарий;Андреевич;30;Научная фантастика
103;Козлов;Филимон;Эммануилович;29;Триллер
104;Шашкова;Жанна;Самуиловна;19;Триллер
105;Беспалов;Роман;Янович;27;Романтика
106;Игнатьев;Мир;Игорьович;25;Нон-фикшн
107;Белозерова;Милица;Варфоломеевна;35;Романтика
108;Родионов;Вышеслав;Ратмирович;18;Триллер
109;Щукин;Самсон;Порфириевич;36;Исторический
110;Анисимова;Нинель;Федосиевна;17;Фэнтези
111;Кудрявцева;Алла;Аверкиевна;8;Триллер
112;Комарова;Синклитикия;Игнатиевна;31;Нон-фикшн
113;Ильин;Христофор;Гордеевич;24;Нон-фикшн
114;Дроздова;Клавдия;Власовна;3;Нон-фикшн
115;Морозов;Боян;Аристархович;26;Нон-фикшн
116;Мельникова;Иванна;Викторовна;10;Романтика
117;Панова;Олимпиада;Эрнстовна;30;Романтика
118;Логинова;Анна;Титовна;14;Нон-фикшн
119;Никифорова;Элеонора;Куприяновна;30;Нон-фикшн
120;Вишняков;Андрон;Ерофеевич;13;Исторический
121;Архипов;Устин;Прохорович;26;Триллер
122;Щукина;Фаина;Никитаовна;20;Триллер
123;Анисимов;Ипатий;Янович;27;Нон-фикшн
124;Лукина;Евпраксия;Ефремовна;37;Исторический
125;Капустин;Зиновий;Аполлонович;7;Триллер
126;Сергеев;Дементий;Харитонович;22;Фэнтези
127;Щербакова;Лидия;Серафимовна;29;Фэнтези
128;Никонова;Ольга;Яновна;26;Научная фантастика
129;Карпов;Константин;Кононович;39;Триллер
130;Юдин;Парфен;Рубенович;15;Нон-фикшн
131;Коновалов;Виссарион;Левович;3;Научная фантастика
132;Петухов;Климент;Варфоломеевич;37;Исторический
133;Соловьева;Ия;Нифонтовна;36;Научная фантастика
134;Субботина;Любовь;Яновна;23;Научная фантастика
135;Беспалов;Егор;Данилаович;35;Триллер
136;Комарова;Валентина;Агафоновна;23;Триллер
137;Михеев;Герасим;Вацлавович;14;Фэнтези
138;Зиновьев;Изяслав;Данилаович;12;Нон-фикшн
139;Морозова;Ксения;Каллистратовна;17;Триллер
140;Кулагин;Вадим;Сократович;1;Нон-фикшн
141;Максимова;Надежда;Никаноровна;22;Нон-фикшн
142;Новикова;Агафья;Платоновна;34;Исторический
143;Нестеров;Сидор;Ратиборович;13;Фэнтези
144;Мухина;Алла;Ипатовна;24;Нон-фикшн
145;Лаврентьева;Антонина;Софроновна;33;Романтика
146;Фадеев;Григорий;Ермолаевич;31;Исторический
147;Стрелков;Кирилл;Творимирович;23;Романтика
148;Одинцов;Вячеслав;Евгениевич;2;Исторический
149;Щукина;Алла;Владленовна;17;Научная фантастика
150;Якушев;Феоктист;Евлампиевич;24;Триллер
151;Евдокимов;Август;Дементиевич;13;Фэнтези
152;Дьячков;Анисим;Ермилович;20;Научная фантастика
153;Воронов;Спиридон;Яковович;31;Фэнтези
154;Павлов;Рубен;Аполлинариевич;33;Исторический
155;Фомичев;Мартьян;Леонович;18;Научная фантастика
156;Ефимов;Борислав;Варлаамович;15;Нон-фикшн
157;Носков;Ростислав;Лонгинович;33;Научная фантастика
158;Андреева;Лариса;Карловна;36;Исторический
159;Ларионов;Аверкий;Демидович;36;Нон-фикшн
160;Новиков;Эрнест;Ярославович;23;Исторический
161;Шубин;Ким;Владленович;30;Триллер
162;Одинцов;Фока;Фортунатович;7;Исторический
163;Ермакова;Маргарита;Азариевна;4;Фэнтези
164;Фомина;Маргарита;Вацлавовна;38;Фэнтези
165;Кудрявцева;Евпраксия;Ростиславовна;37;Научная фантастика
166;Лихачев;Викентий;Александрович;13;Исторический
167;Быков;Владлен;Баженович;36;Научная фантастика
168;Фадеев;Демид;Панфилович;6;Научная фантастика
169;Чернова;Ангелина;Флорентиновна;14;Фэнтези
170;Лобанов;Лавр;Якубович;1;Исторический
171;Кондратьева;Анжелика;Назаровна;40;Научная фантастика
172;Исаков;Куприян;Фролович;1;Триллер
173;Степанова;Олимпиада;Брониславовна;5;Исторический
174;Комаров;Стоян;Тимурович;17;Романтика
175;Трофимова;Маргарита;Тимуровна;9;Научная фантастика
176;Никифорова;Лариса;Епифановна;10;Исторический
177;Гусев;Лонгин;Прокофиевич;31;Романтика
178;Лапина;Иванна;Карловна;17;Научная фантастика
179;Филатова;Элеонора;Тарасовна;35;Научная фантастика
180;Егорова;Маргарита;Никандровна;33;Триллер
181;Фокина;Тамара;Ерофеевна;40;Нон-фикшн
182;Красильников;Панфил;Капитонович;22;Исторический
183;Кудряшова;Мария;Романовна;38;Фэнтези
184;Зимин;Модест;Селиванович;8;Романтика
185;Емельянов;Святополк;Добромыслович;25;Романтика
186;Авдеев;Боян;Фокаович;38;Нон-фикшн
187;Горбунова;Лукия;Василиевна;39;Нон-фикшн
188;Голубева;Екатерина;Викториновна;29;Романтика
189;Лебедева;Елизавета;Ярополковна;23;Романтика
190;Родионов;Святослав;Ипатович;10;Триллер
191;Сазонов;Марк;Фотиевич;4;Фэнтези
192;Гришин;Бажен;Венедиктович;18;Триллер
193;Логинова;Варвара;Марковна;20;Исторический
194;Дементьева;Полина;Леонидовна;36;Исторический
195;Лобанова;Олимпиада;Чеславовна;37;Фэнтези
196;Мухин;Вацлав;Михеевич;33;Нон-фикшн
197;Брагина;Фёкла;Кононовна;5;Фэнтези
198;Комаров;Терентий;Олимпиевич;24;Научная фантастика
199;Костина;Галина;Всеславовна;28;Нон-фикшн
200;Мухина;Дарья;Всеволодовна;20;Исторический
201;Анисимова;Елизавета;Афанасиевна;19;Романтика
202;Логинова;Антонина;Карповна;24;Научная фантастика
203;Орехова;Евпраксия;Никодимовна;37;Фэнтези
204;Матвеева;София;Рюриковна;1;Романтика
205;Комаров;Ермолай;Денисович;10;Романтика
206;Сазонов;Никанор;Наркисович;29;Нон-фикшн
207;Мамонтова;Алина;Арсениевна;32;Фэнтези
208;Исаков;Аверьян;Силаович;9;Романтика
209;Лукин;Кузьма;Карпович;20;Фэнтези
210;Дроздова;Раиса;Михаиловна;16;Нон-фикшн
211;Андреев;Елисей;Ерофеевич;30;Нон-фикшн
212;Александрова;Ксения;Андреевна;2;Триллер
213;Архипова;Октябрина;Федоровна;14;Научная фантастика
214;Беспалова;Варвара;Ильяовна;5;Фэнтези
215;Филиппова;Елизавета;Амосовна;37;Исторический
216;Данилова;Валентина;Нифонтовна;22;Триллер
217;Назарова;Мария;Елисеевна;19;Триллер
218;Воробьева;Галина;Архиповна;22;Триллер
219;Симонов;Юлиан;Галактионович;39;Исторический
220;Алексеева;Анастасия;Георгиевна;2;Нон-фикшн
221;Тимофеева;Ольга;Прокофиевна;6;Нон-фикшн
222;Ефремова;Иванна;Ипатовна;37;Фэнтези
223;Логинов;Кирилл;Трофимович;6;Романтика
224;Поляков;Роман;Рубенович;39;Фэнтези
225;Молчанов;Аполлон;Ладиславович;30;Нон-фикшн
226;Белов;Каллистрат;Филимонович;19;Нон-фикшн
227;Егоров;Сила;Лукьянович;14;Нон-фикшн
228;Уварова;Агафья;Еремеевна;12;Триллер
229;Бирюков;Иван;Рюрикович;29;Романтика
230;Кононов;Константин;Евдокимович;26;Триллер
231;Лыткин;Спиридон;Богданович;10;Триллер
232;Щукин;Моисей;Доброславович;6;Нон-фикшн
233;Емельянова;Ираида;Касьяновна;12;Фэнтези
234;Рогова;Феврония;Анатолиевна;30;Триллер
235;Кудряшов;Ладимир;Евлампиевич;26;Научная фантастика
236;Иванов;Евграф;Дмитриевич;26;Исторический
237;Константинов;Станислав;Вышеславович;26;Нон-фикшн
238;Князев;Наум;Гедеонович;30;Романтика
239;Муравьев;Мечислав;Олимпиевич;19;Научная фантастика
240;Трофимова;Варвара;Потаповна;15;Научная фантастика
241;Кузьмина;Майя;Назаровна;22;Романтика
242;Ершов;Лука;Спиридонович;21;Исторический
243;Лазарева;Наталья;Ладиславовна;9;Романтика
244;Сергеев;Самуил;Брониславович;34;Триллер
245;Князев;Никифор;Сидорович;29;Романтика
246;Комиссарова;Таисия;Федоровна;26;Исторический
247;Титова;Агата;Владленовна;33;Исторический
248;Уварова;Ирина;Ладиславовна;23;Фэнтези
249;Дроздов;Андрей;Гедеонович;27;Фэнтези
250;Кулагин;Григорий;Германович;36;Нон-фикшн
251;Рожков;Гаврила;Авксентиевич;20;Исторический
252;Колобов;Гремислав;Игорьович;20;Романтика
253;Шестаков;Аверкий;Игнатиевич;31;Научная фантастика
254;Быков;Радим;Ермолаевич;18;Исторический
255;Самойлова;Раиса;Панфиловна;1;Романтика
256;Шубин;Ладимир;Эрнстович;19;Исторический
257;Кондратьева;Алина;Кирилловна;11;Научная фантастика
258;Ширяева;Елена;Изяславовна;17;Триллер
259;Лобанов;Герман;Спиридонович;15;Научная фантастика
260;Родионов;Павел;Аркадиевич;20;Нон-фикшн
261;Цветков;Макар;Аверьянович;38;Исторический
262;Большаков;Гаврила;Изотович;40;Романтика
263;Крылова;Акулина;Кондратиевна;9;Фэнтези
264;Крюков;Ярослав;Никифорович;30;Исторический
265;Котов;Леонид;Всеславович;9;Нон-фикшн
266;Фадеев;Серафим;Панкратович;27;Фэнтези
267;Исакова;Татьяна;Амосовна;8;Научная фантастика
268;Беспалова;Вероника;Титовна;33;Исторический
269;Молчанов;Агап;Адрианович;7;Нон-фикшн
270;Костин;Пантелеймон;Иларионович;17;Романтика
271;Гущин;Никанор;Юлиевич;22;Триллер
272;Горбачев;Соломон;Адрианович;26;Романтика
273;Стрелков;Феофан;Творимирович;31;Научная фантастика
274;Матвеева;Феврония;Викентиевна;33;Романтика
275;Зуев;Болеслав;Христофорович;19;Фэнтези
276;Лазарев;Амос;Артемович;16;Исторический
277;Баранова;Лукия;Аникитаовна;40;Романтика
278;Куликова;Татьяна;Николаевна;18;Фэнтези
279;Мишин;Емельян;Игнатиевич;25;Триллер
280;Баранова;Варвара;Евдокимовна;12;Фэнтези
281;Аксенова;Алла;Евгениевна;33;Исторический
282;Миронова;Зоя;Рубеновна;25;Научная фантастика
283;Панфилов;Семен;Вацлавович;31;Фэнтези
284;Котова;Агафья;Остромировна;5;Нон-фикшн
285;Моисеева;Тамара;Фортунатовна;23;Романтика
286;Власова;Алевтина;Поликарповна;40;Фэнтези
287;Титова;Татьяна;Святополковна;32;Исторический
288;Шубина;Лора;Велимировна;11;Исторический
289;Шаров;Никанор;Карпович;17;Триллер
290;Куликов;Кирилл;Лазарьович;30;Нон-фикшн
291;Белозерова;Октябрина;Эрастовна;12;Триллер
292;Моисеева;Наталья;Епифановна;10;Триллер
293;Гущина;Надежда;Борисовна;31;Нон-фикшн
294;Шашкова;Анжелика;Денисовна;27;Нон-фикшн
295;Беляев;Арсений;Эрнестович;19;Научная фантастика
296;Мельников;Геннадий;Аристархович;1;Исторический
297;Архипов;Пантелеймон;Филаретович;16;Научная фантастика
298;Белов;Аникей;Добромыслович;16;Триллер
299;Степанова;Ангелина;Ермиловна;5;Фэнтези
300;Родионов;Трофим;Степанович;5;Триллер
301;Горшков;Евстигней;Антонинович;20;Романтика
302;Самойлова;Василиса;Родионовна;18;Триллер
303;Сергеева;Таисия;Гордеевна;30;Нон-фикшн
304;Ильин;Аполлинарий;Гордеевич;35;Романтика
305;Уварова;Людмила;Ефимовна;5;Триллер
306;Бобров;Богдан;Александрович;18;Научная фантастика
307;Белоусов;Борис;Моисеевич;19;Исторический
308;Гусева;Раиса;Милиевна;30;Нон-фикшн
309;Лебедева;Нонна;Рюриковна;30;Триллер
310;Григорьев;Арефий;Аггеевич;4;Романтика
311;Терентьева;Зинаида;Всеславовна;7;Романтика
312;Михеев;Рубен;Мефодиевич;23;Нон-фикшн
313;Дементьев;Фирс;Силаович;39;Нон-фикшн
314;Емельянов;Демьян;Савваович;25;Исторический
315;Артемьева;Жанна;Ульяновна;36;Романтика
316;Казакова;Надежда;Ярославовна;18;Научная фантастика
317;Терентьев;Сидор;Всеволодович;15;Фэнтези
318;Тарасова;Зинаида;Аверкиевна;34;Романтика
319;Капустина;Фёкла;Игнатиевна;20;Триллер
320;Крылов;Еремей;Павелович;33;Романтика
321;Волков;Варлаам;Борисович;3;Нон-фикшн
322;Комиссарова;Ульяна;Акимовна;4;Исторический
323;Кабанов;Антонин;Яковович;21;Триллер
324;Носкова;Юлия;Владиславовна;39;Исторический
325;Степанова;Олимпиада;Прововна;28;Научная фантастика
326;Брагина;Синклитикия;Анатолиевна;10;Триллер
327;Ильина;Зинаида;Митофановна;17;Нон-фикшн
328;Кудряшов;Вячеслав;Трифонович;31;Нон-фикшн
329;Зиновьева;Алина;Лукаовна;39;Фэнтези
330;Кондратьева;Ольга;Миловановна;23;Фэнтези
331;Фомичев;Мефодий;Акимович;40;Исторический
332;Аксенова;Алла;Викторовна;10;Фэнтези
333;Харитонова;Зоя;Чеславовна;15;Нон-фикшн
334;Блинова;Анжела;Автономовна;32;Научная фантастика
335;Третьякова;Валентина;Эрнстовна;38;Научная фантастика
336;Назаров;Никифор;Сигизмундович;35;Нон-фикшн
337;Владимиров;Савватий;Велимирович;1;Нон-фикшн
338;Панфилов;Леонтий;Ратиборович;1;Исторический
339;Пономарев;Всеволод;Ермолаевич;7;Нон-фикшн
340;Дмитриев;Всеслав;Игнатиевич;10;Триллер
341;Копылов;Милен;Зиновиевич;4;Нон-фикшн
342;Орехова;Алла;Эрнестовна;19;Романтика
343;Котова;Глафира;Елизаровна;9;Нон-фикшн
344;Белова;Светлана;Савватиевна;22;Романтика
345;Баранова;Дарья;Спартаковна;6;Нон-фикшн
346;Герасимова;Раиса;Георгиевна;10;Исторический
347;Куликов;Доброслав;Евгениевич;2;Фэнтези
348;Лихачев;Лука;Игорьович;40;Романтика
349;Терентьева;Жанна;Николаевна;16;Исторический
350;Бобылев;Устин;Климентович;17;Научная фантастика
351;Цветков;Вениамин;Мокеевич;29;Нон-фикшн
352;Куликов;Чеслав;Евстигнеевич;10;Нон-фикшн
353;Брагина;Оксана;Никаноровна;18;Триллер
354;Агафонов;Марк;Наумович;25;Исторический
355;Белоусов;Валентин;Потапович;31;Нон-фикшн
356;Горшкова;Дарья;Герасимовна;7;Нон-фикшн
357;Григорьева;Кира;Аггеевна;38;Нон-фикшн
358;Зиновьев;Юлий;Севастьянович;24;Триллер
359;Панов;Нестор;Ювеналиевич;9;Нон-фикшн
360;Соколов;Никодим;Клавдиевич;24;Фэнтези
361;Емельянов;Прохор;Гедеонович;33;Фэнтези
362;Савин;Викентий;Василиевич;5;Триллер
363;Павлова;Елизавета;Назаровна;5;Триллер
364;Смирнов;Иван;Эммануилович;34;Триллер
365;Лобанов;Максимильян;Мстиславович;16;Романтика
366;Воробьева;Пелагея;Эмильовна;39;Научная фантастика
367;Комарова;Кира;Михаиловна;2;Триллер
368;Морозова;Полина;Касьяновна;31;Исторический
369;Рыбаков;Филарет;Арефиевич;13;Фэнтези
370;Колобова;Эмилия;Мечиславовна;32;Триллер
371;Осипов;Савва;Викторинович;33;Нон-фикшн
372;Ильин;Адам;Арефиевич;13;Исторический
373;Власова;Марфа;Глебовна;21;Триллер
374;Сазонова;Ирина;Гостомысловна;30;Фэнтези
375;Мельников;Лаврентий;Мокеевич;16;Исторический
376;Васильев;Селиван;Самуилович;11;Исторический
377;Антонов;Порфирий;Миланович;28;Исторический
378;Петухов;Измаил;Левович;32;Романтика
379;Крылова;Ия;Афиногеновна;38;Романтика
380;Абрамов;Ульян;Кондратиевич;29;Исторический
381;Жданова;Лора;Кирилловна;27;Романтика
382;Смирнова;Синклитикия;Афиногеновна;6;Романтика
383;Ситников;Панфил;Панкратович;23;Исторический
384;Лихачева;Евфросиния;Эрнестовна;7;Нон-фикшн
385;Савина;Анастасия;Вениаминовна;36;Исторический
386;Журавлева;Юлия;Авксентиевна;21;Исторический
387;Никонов;Аникита;Радимович;40;Научная фантастика
388;Кулакова;Агата;Матвеевна;38;Нон-фикшн
389;Тетерин;Евграф;Пахомович;15;Нон-фикшн
390;Зимин;Лука;Ираклиевич;14;Исторический
391;Попова;Елизавета;Онуфриевна;23;Фэнтези
392;Шестакова;Евпраксия;Ипполитовна;37;Исторический
393;Кузнецова;Лукия;Германовна;7;Исторический
394;Крылов;Исай;Анатолиевич;7;Триллер
395;Гришина;Ольга;Януариевна;27;Исторический
396;Романова;Евпраксия;Никандровна;26;Фэнтези
397;Никифоров;Митофан;Нифонтович;40;Фэнтези
398;Симонов;Зиновий;Светозарович;37;Фэнтези
399;Казакова;Лукия;Всеславовна;31;Фэнтези
400;Миронов;Федот;Валериевич;13;Научная фантастика
401;Моисеев;Велимир;Юлианович;22;Исторический
402;Белякова;София;Авдеевна;1;Романтика
403;Никифорова;Евгения;Мартыновна;30;Романтика
404;Буров;Сидор;Эрнстович;21;Фэнтези
405;Гущин;Егор;Назарович;23;Исторический
406;Орехов;Эрнст;Натанович;22;Научная фантастика
407;Доронина;Жанна;Феофановна;40;Фэнтези
408;Зайцев;Варфоломей;Максимович;36;Исторический
409;Селезнев;Август;Федосиевич;37;Исторический
410;Вишнякова;Таисия;Несторовна;37;Романтика
411;Жукова;Кира;Ладиславовна;1;Нон-фикшн
412;Наумов;Прокофий;Лукаович;28;Нон-фикшн
413;Семенова;Маргарита;Антиповна;19;Научная фантастика
414;Суханов;Орест;Спиридонович;17;Фэнтези
415;Капустина;Алевтина;Аристарховна;12;Научная фантастика
416;Вишняков;Будимир;Миланович;35;Нон-фикшн
417;Евдокимов;Мирослав;Евгениевич;36;Исторический
418;Алексеева;Иванна;Ярославовна;10;Триллер
419;Евсеев;Агафон;Иосифович;20;Фэнтези
420;Волков;Вышеслав;Лукаович;37;Романтика
421;Савин;Михей;Гедеонович;40;Научная фантастика
422;Романов;Трифон;Сигизмундович;10;Фэнтези
423;Кабанова;Варвара;Гордеевна;9;Романтика
424;Бирюкова;Любовь;Андрониковна;11;Романтика
425;Большакова;Марина;Варфоломеевна;10;Исторический
426;Фомичева;Антонина;Творимировна;5;Триллер
427;Ефремов;Арефий;Аверьянович;40;Фэнтези
428;Беляева;Лукия;Гостомысловна;24;Нон-фикшн
429;Королев;Виссарион;Софронович;27;Нон-фикшн
430;Григорьев;Любим;Александрович;31;Исторический
431;Зыкова;Ульяна;Радиславовна;37;Нон-фикшн
432;Терентьев;Самуил;Будимирович;31;Фэнтези
433;Носов;Мечислав;Панфилович;24;Фэнтези
434;Комаров;Бажен;Егорович;2;Триллер
435;Миронов;Кондрат;Мстиславович;14;Нон-фикшн
436;Гуляев;Август;Сергеевич;13;Исторический
437;Елисеев;Сергей;Ильяович;30;Романтика
438;Макарова;Оксана;Марковна;18;Научная фантастика
439;Волкова;Антонина;Станиславовна;2;Научная фантастика
440;Егорова;Зоя;Агафоновна;4;Исторический
441;Белов;Авксентий;Леонтиевич;6;Фэнтези
442;Игнатов;Ян;Ермилович;14;Нон-фикшн
443;Соловьев;Авксентий;Савелиевич;21;Фэнтези
444;Лукина;Галина;Никифоровна;33;Научная фантастика
445;Вишнякова;Кира;Демьяновна;8;Романтика
446;Сазонова;Акулина;Чеславовна;39;Научная фантастика
447;Антонов;Эдуард;Капитонович;30;Романтика
448;Ильин;Еремей;Святополкович;9;Исторический
449;Ершов;Нифонт;Лучезарович;10;Фэнтези
450;Колобов;Пантелеймон;Евгениевич;15;Фэнтези
451;Иванов;Бронислав;Наумович;6;Романтика
452;Цветкова;Варвара;Лавровна;6;Фэнтези
453;Муравьева;Лора;Федосиевна;5;Фэнтези
454;Карпов;Корнил;Ратиборович;31;Триллер
455;Громов;Андрей;Никандрович;19;Фэнтези
456;Красильникова;Александра;Харлампиевна;30;Исторический
457;Архипов;Варлаам;Порфириевич;33;Исторический
458;Васильева;Жанна;Гаврилаовна;14;Нон-фикшн
459;Кириллова;Дарья;Мечиславовна;37;Фэнтези
460;Трофимова;Валерия;Фирсовна;19;Научная фантастика
461;Кириллова;Жанна;Климентовна;37;Фэнтези
462;Субботин;Виталий;Дементиевич;8;Научная фантастика
463;Белякова;Елена;Тимофеевна;20;Фэнтези
464;Белоусова;Марфа;Акимовна;8;Фэнтези
465;Ершова;Светлана;Никандровна;7;Нон-фикшн
466;Иванов;Демьян;Глебович;38;Научная фантастика
467;Кондратьева;Вероника;Ипполитовна;25;Триллер
468;Афанасьева;Елизавета;Степановна;39;Исторический
469;Воронцов;Владислав;Богданович;24;Научная фантастика
470;Анисимов;Павел;Пахомович;14;Романтика
471;Миронова;Марина;Платоновна;2;Фэнтези
472;Зуев;Гордей;Никандрович;14;Нон-фикшн
473;Брагина;Наина;Игорьовна;27;Научная фантастика
474;Афанасьев;Сила;Авдеевич;31;Исторический
475;Третьякова;Юлия;Минаовна;18;Романтика
476;Нестерова;Алевтина;Автономовна;4;Романтика
477;Самсонов;Азарий;Измаилович;27;Исторический
478;Кузьмин;Никита;Романович;19;Фэнтези
479;Носков;Дементий;Юлиевич;1;Научная фантастика
480;Лапина;Агата;Любосмысловна;15;Исторический
481;Кабанова;Полина;Сильвестровна;30;Нон-фикшн
482;Кабанова;Валентина;Лучезаровна;12;Триллер
483;Васильева;Прасковья;Станимировна;11;Триллер
484;Шаров;Евграф;Сильвестрович;28;Исторический
485;Галкин;Александр;Фадеевич;39;Фэнтези
486;Мясникова;Антонина;Пименовна;39;Исторический
487;Воронцова;Иванна;Ипатиевна;11;Триллер
488;Попова;Иванна;Василиевна;37;Нон-фикшн
489;Никитин;Аполлинарий;Георгиевич;10;Фэнтези
490;Трофимова;Анастасия;Власовна;35;Фэнтези
491;Шашков;Милан;Андроникович;9;Триллер
492;Никифорова;Алина;Тарасовна;26;Исторический
493;Самсонова;Клавдия;Артемовна;39;Нон-фикшн
494;Селезнев;Михаил;Никитаович;19;Научная фантастика
495;Шестакова;Ия;Панкратиевна;3;Романтика
496;Воронцов;Олимпий;Савелиевич;6;Исторический
497;Медведев;Куприян;Эрастович;3;Нон-фикшн
498;Зайцев;Арсений;Еремеевич;6;Нон-фикшн
499;Михайлов;Кирилл;Карпович;14;Романтика
500;Осипова;Олимпиада;Никифоровна;40;Исторический
501;Никонов;Еремей;Янович;5;Фэнтези
502;Тетерина;Лидия;Орестовна;39;Научная фантастика
503;Артемьева;Прасковья;Кузьмаовна;4;Триллер
504;Буров;Харитон;Ерофеевич;37;Исторический
505;Никифоров;Аверьян;Поликарпович;39;Романтика
506;Петухова;Олимпиада;Пахомовна;1;Триллер
507;Кулаков;Роман;Платонович;6;Нон-фикшн
508;Молчанов;Иван;Исаевич;12;Нон-фикшн
509;Доронин;Лука;Куприянович;36;Научная фантастика
510;Беляев;Фрол;Ефимович;33;Нон-фикшн
511;Дроздова;Валентина;Брониславовна;34;Нон-фикшн
512;Королева;Лора;Филимоновна;21;Нон-фикшн
513;Петухова;Октябрина;Игнатиевна;24;Триллер
514;Ковалев;Петр;Леонович;6;Исторический
515;Бирюков;Евграф;Анатолиевич;30;Триллер
516;Новиков;Лаврентий;Валерьянович;35;Научная фантастика
517;Егоров;Андрон;Никитаович;28;Нон-фикшн
518;Никифорова;Милица;Степановна;21;Исторический
519;Овчинникова;Лукия;Устиновна;9;Триллер
520;Николаев;Софрон;Доброславович;6;Романтика
521;Фокин;Осип;Харитонович;37;Романтика
522;Сысоев;Митофан;Русланович;10;Триллер
523;Фомин;Юлий;Орестович;24;Фэнтези
524;Хохлов;Эдуард;Гордеевич;1;Триллер
525;Дмитриева;Алевтина;Святополковна;19;Романтика
526;Савельева;Жанна;Епифановна;35;Нон-фикшн
527;Бирюкова;Клавдия;Вацлавовна;16;Фэнтези
528;Белякова;Феврония;Денисовна;5;Фэнтези
529;Афанасьев;Феофан;Кириллович;16;Фэнтези
530;Горшков;Юлий;Артемиевич;14;Научная фантастика
531;Мартынов;Ладислав;Корнилович;33;Триллер
532;Карпова;Акулина;Селивановна;3;Исторический
533;Морозов;Богдан;Эрастович;20;Исторический
534;Ильина;Ия;Харитоновна;20;Научная фантастика
535;Захаров;Венедикт;Фролович;33;Нон-фикшн
536;Цветкова;Анастасия;Фокаовна;3;Романтика
537;Кузьмин;Фортунат;Варлаамович;1;Научная фантастика
538;Савельев;Фрол;Викторинович;12;Романтика
539;Лукин;Константин;Евсеевич;8;Исторический
540;Третьякова;Евфросиния;Ярополковна;20;Триллер
541;Виноградов;Юрий;Вадимович;9;Триллер
542;Степанов;Радислав;Федорович;17;Нон-фикшн
543;Титов;Ипатий;Ипатович;37;Романтика
544;Суханова;Евпраксия;Константиновна;6;Триллер
545;Горбачева;Ираида;Федоровна;24;Романтика
546;Филатов;Ростислав;Николаевич;17;Нон-фикшн
547;Яковлев;Аполлинарий;Юриевич;10;Исторический
548;Константинова;Вероника;Эрнстовна;12;Романтика
549;Колесников;Панкрат;Виталиевич;34;Романтика
550;Ситникова;Акулина;Панкратовна;11;Фэнтези
551;Иванов;Модест;Аскольдович;26;Нон-фикшн
552;Красильников;Сидор;Карпович;15;Фэнтези
553;Самсонова;Агафья;Сократовна;22;Фэнтези
554;Ларионов;Сила;Кононович;30;Триллер
555;Ситникова;Таисия;Платоновна;3;Фэнтези
556;Игнатов;Софон;Артемиевич;6;Нон-фикшн
557;Горбачева;Агата;Мечиславовна;9;Триллер
558;Муравьев;Мартьян;Изотович;27;Научная фантастика
559;Молчанова;Марфа;Алексеевна;15;Научная фантастика
560;Зиновьева;Любовь;Галактионовна;36;Нон-фикшн
561;Потапова;Клавдия;Ярополковна;7;Романтика
562;Назаров;Стоян;Олегович;24;Фэнтези
563;Брагина;Анжела;Вадимовна;32;Нон-фикшн
564;Лыткин;Любомир;Ипполитович;26;Фэнтези
565;Белозеров;Потап;Болеславович;13;Исторический
566;Тимофеева;Лукия;Андреевна;11;Фэнтези
567;Бирюкова;Варвара;Петровна;1;Романтика
568;Панфилова;Милица;Самуиловна;18;Фэнтези
569;Лукина;Феврония;Петровна;25;Романтика
570;Тетерина;Ольга;Лазарьовна;36;Фэнтези
571;Тихонова;Лукия;Эммануиловна;33;Научная фантастика
572;Блохина;Октябрина;Авксентиевна;8;Научная фантастика
573;Денисова;Анжелика;Афиногеновна;15;Исторический
574;Лукина;Прасковья;Анатолиевна;27;Исторический
575;Дорофеев;Денис;Маркович;10;Научная фантастика
576;Соколов;Валерьян;Олимпиевич;13;Исторический
577;Ситников;Орест;Максимович;23;Фэнтези
578;Громова;Александра;Виталиевна;21;Исторический
579;Трофимова;Светлана;Казимировна;34;Триллер
580;Мухина;Лидия;Кузьмаовна;28;Романтика
581;Авдеева;Эмилия;Адамовна;9;Научная фантастика
582;Денисов;Никодим;Ипатович;10;Фэнтези
583;Русаков;Станислав;Янович;15;Научная фантастика
584;Назаров;Евдоким;Леонидович;12;Научная фантастика
585;Мишин;Потап;Спартакович;9;Нон-фикшн
586;Лапина;Лариса;Автономовна;28;Нон-фикшн
587;Беспалов;Гремислав;Антипович;13;Триллер
588;Ларионов;Силантий;Аркадиевич;28;Исторический
589;Яковлева;Нинель;Александровна;14;Фэнтези
590;Лапина;Таисия;Моисеевна;21;Научная фантастика
591;Сидорова;Милица;Орестовна;13;Научная фантастика
592;Моисеева;Эмилия;Радиславовна;33;Фэнтези
593;Кошелева;Евфросиния;Агаповна;37;Триллер
594;Колобов;Дорофей;Ладимирович;34;Исторический
595;Николаев;Федор;Евдокимович;10;Нон-фикшн
596;Матвеев;Адам;Никанорович;1;Триллер
597;Коновалова;Елизавета;Станиславовна;39;Романтика
598;Казакова;Лора;Мироновна;18;Исторический
599;Назаров;Мариан;Варлаамович;37;Фэнтези
600;Зуев;Венедикт;Аверкиевич;7;Научная фантастика
601;Бобров;Кирилл;Аникитаович;17;Фэнтези
602;Поляков;Ефрем;Пименович;34;Триллер
603;Лазарев;Селиван;Модестович;32;Научная фантастика
604;Белов;Еремей;Ефремович;14;Триллер
605;Савина;Полина;Анатолиевна;40;Научная фантастика
606;Громов;Пахом;Моисеевич;23;Романтика
607;Рожков;Мирослав;Адамович;14;Фэнтези
608;Гурьева;Синклитикия;Исаевна;34;Нон-фикшн
609;Журавлев;Христофор;Фотиевич;33;Исторический
610;Беляев;Демид;Елизарович;35;Нон-фикшн
611;Нестеров;Никанор;Савватиевич;26;Триллер
612;Соколов;Мирослав;Афанасиевич;34;Нон-фикшн
613;Панов;Модест;Аникитаович;3;Исторический
614;Петухов;Никон;Елисеевич;11;Фэнтези
615;Зыков;Наркис;Платонович;19;Исторический
616;Кошелев;Юрий;Степанович;17;Научная фантастика
617;Наумова;Полина;Афанасиевна;31;Фэнтези
618;Родионов;Кир;Иларионович;35;Триллер
619;Дьячков;Агап;Ростиславович;28;Триллер
620;Шарова;Евпраксия;Богдановна;10;Романтика
621;Герасимов;Олимпий;Филаретович;18;Триллер
622;Родионова;Раиса;Пименовна;5;Фэнтези
623;Муравьева;Галина;Евстафиевна;29;Триллер
624;Родионова;Иванна;Фокаовна;7;Романтика
625;Панфилов;Евдоким;Михаилович;5;Нон-фикшн
626;Макаров;Ипатий;Миленович;9;Исторический
627;Лазарев;Наум;Елисеевич;20;Романтика
628;Данилова;Феврония;Николаевна;30;Романтика
629;Пестов;Пантелеймон;Милиевич;30;Научная фантастика
630;Гусев;Исидор;Автономович;8;Триллер
631;Суворова;Александра;Сидоровна;25;Романтика
632;Волков;Тимур;Тимурович;24;Нон-фикшн
633;Евсеева;Марфа;Афиногеновна;23;Научная фантастика
634;Симонова;Акулина;Онуфриевна;4;Фэнтези
635;Максимова;Алевтина;Мартыновна;25;Триллер
636;Киселев;Мирослав;Симонович;20;Романтика
637;Крюкова;Антонина;Спартаковна;1;Романтика
638;Алексеев;Пров;Модестович;19;Нон-фикшн
639;Бобров;Прохор;Геннадиевич;25;Триллер
640;Аксенова;Елизавета;Евлампиевна;35;Исторический
641;Меркушева;Светлана;Лонгиновна;7;Фэнтези
642;Аксенова;Алина;Потаповна;10;Научная фантастика
643;Фомина;Галина;Савватиевна;17;Романтика
644;Коновалова;Валерия;Ростиславовна;17;Исторический
645;Цветков;Ерофей;Ювеналиевич;27;Фэнтези
646;Якушев;Конон;Боянович;11;Научная фантастика
647;Медведев;Эммануил;Георгиевич;34;Фэнтези
648;Морозова;Нинель;Харлампиевна;34;Нон-фикшн
649;Терентьев;Селиван;Власович;22;Исторический
650;Симонов;Болеслав;Никонович;1;Научная фантастика
651;Муравьева;Нина;Аникитаовна;14;Исторический
652;Морозова;Валентина;Агафоновна;1;Нон-фикшн
653;Устинова;Эмилия;Павеловна;11;Фэнтези
654;Мартынова;Ираида;Самсоновна;36;Фэнтези
655;Сафонов;Юлиан;Викторинович;5;Триллер
656;Щербакова;Валентина;Станимировна;14;Нон-фикшн
657;Александров;Евстигней;Миленович;13;Фэнтези
658;Рыбаков;Доброслав;Николаевич;29;Романтика
659;Дьячков;Ярополк;Рюрикович;3;Романтика
660;Кузнецова;Алевтина;Каллистратовна;21;Фэнтези
661;Егорова;Феврония;Кирилловна;13;Нон-фикшн
662;Маслов;Селиван;Панфилович;12;Фэнтези
663;Пахомова;Полина;Лавровна;6;Исторический
664;Русакова;Антонина;Аникитаовна;18;Исторический
665;Шашков;Доброслав;Прохорович;25;Триллер
666;Ермаков;Пахом;Маркович;33;Романтика
667;Петухова;Ираида;Галактионовна;7;Романтика
668;Борисова;Вероника;Капитоновна;11;Фэнтези
669;Пестова;Раиса;Никоновна;18;Триллер
670;Князев;Остап;Герасимович;27;Нон-фикшн
671;Мясников;Наум;Порфириевич;2;Триллер
672;Белоусова;Нинель;Олеговна;40;Триллер
673;Сергеев;Никифор;Феоктистович;20;Научная фантастика
674;Селезнева;Лукия;Власовна;4;Романтика
675;Жданова;Галина;Измаиловна;40;Нон-фикшн
676;Самойлов;Иван;Гостомыслович;1;Фэнтези
677;Мишин;Соломон;Никанорович;29;Научная фантастика
678;Чернова;Антонина;Ладиславовна;30;Романтика
679;Захарова;Евпраксия;Брониславовна;8;Нон-фикшн
680;Суворов;Михей;Пантелеймонович;22;Исторический
681;Одинцов;Самуил;Сергеевич;9;Романтика
682;Быков;Денис;Петрович;8;Романтика
683;Ефимов;Бажен;Болеславович;27;Романтика
684;Зайцев;Анисим;Галактионович;23;Нон-фикшн
685;Титова;Антонина;Лонгиновна;22;Триллер
686;Евдокимов;Амос;Парамонович;33;Романтика
687;Родионова;Элеонора;Пантелеймоновна;22;Научная фантастика
688;Костина;Кира;Евграфовна;36;Научная фантастика
689;Самойлов;Якуб;Амвросиевич;28;Триллер
690;Назарова;Антонина;Ипатиевна;20;Научная фантастика
691;Фомичева;Марина;Миловановна;25;Фэнтези
692;Шарапова;Вера;Герасимовна;19;Научная фантастика
693;Емельянова;Валентина;Вениаминовна;1;Триллер
694;Миронова;Прасковья;Эмильовна;33;Фэнтези
695;Колесникова;Наталья;Олимпиевна;11;Нон-фикшн
696;Калинина;Лукия;Варфоломеевна;30;Научная фантастика
697;Воробьева;Элеонора;Христофоровна;22;Нон-фикшн
698;Молчанов;Арсений;Игнатиевич;26;Исторический
699;Антонова;Валентина;Селиверстовна;14;Нон-фикшн
700;Сысоева;Юлия;Модестовна;1;Романтика
701;Ильин;Кир;Брониславович;2;Триллер
702;Ковалева;Евдокия;Анатолиевна;26;Научная фантастика
703;Быкова;Алина;Трифоновна;8;Исторический
704;Владимирова;Эмилия;Никодимовна;37;Нон-фикшн
705;Маркова;Эмилия;Виссарионовна;6;Исторический
706;Егоров;Творимир;Болеславович;8;Романтика
707;Маслова;Евфросиния;Азариевна;29;Научная фантастика
708;Морозова;Наталья;Романовна;19;Научная фантастика
709;Пахомов;Аггей;Севастьянович;7;Романтика
710;Жданов;Фадей;Лукьянович;2;Нон-фикшн
711;Казаков;Глеб;Янович;18;Триллер
712;Родионова;Зоя;Стояновна;34;Научная фантастика
713;Ермакова;Марфа;Измаиловна;22;Нон-фикшн
714;Зайцев;Игорь;Германович;36;Фэнтези
715;Щербакова;Людмила;Эдуардовна;27;Романтика
716;Миронов;Леонтий;Поликарпович;31;Нон-фикшн
717;Трофимова;Зинаида;Ефремовна;36;Исторический
718;Полякова;Майя;Изотовна;24;Исторический
719;Новиков;Викторин;Агафонович;39;Научная фантастика
720;Кононова;Ксения;Эммануиловна;3;Романтика
721;Волков;Терентий;Юриевич;20;Романтика
722;Фокина;Акулина;Эрнстовна;15;Романтика
723;Лукина;Ия;Парфеновна;36;Научная фантастика
724;Исаева;Людмила;Мироновна;11;Нон-фикшн
725;Андреева;Наталья;Ярополковна;25;Научная фантастика
726;Кошелева;Валерия;Федотовна;13;Научная фантастика
727;Трофимова;Евдокия;Доброславовна;26;Романтика
728;Терентьева;Марина;Кононовна;31;Триллер
729;Фадеева;Эмилия;Валентиновна;30;Фэнтези
730;Григорьев;Викентий;Юлианович;14;Нон-фикшн
731;Лаврентьева;Юлия;Евдокимовна;38;Нон-фикшн
732;Дорофеев;Аполлон;Савваович;17;Фэнтези
733;Киселева;Зинаида;Остаповна;3;Романтика
734;Дроздова;Надежда;Алексеевна;6;Исторический
735;Фомина;Валентина;Автономовна;1;Научная фантастика
736;Зайцев;Богдан;Евдокимович;5;Нон-фикшн
737;Потапов;Борис;Глебович;33;Фэнтези
738;Андреев;Радислав;Артемиевич;23;Романтика
739;Герасимов;Ратибор;Кондратиевич;32;Фэнтези
740;Беспалова;Евгения;Минаовна;3;Нон-фикшн
741;Капустин;Арефий;Иларионович;33;Исторический
742;Кондратьев;Давыд;Ермилович;5;Триллер
743;Потапов;Севастьян;Лазарьович;24;Триллер
744;Смирнова;Анастасия;Дорофеевна;24;Фэнтези
745;Герасимов;Герасим;Любимович;30;Романтика
746;Кулагин;Григорий;Ипатович;37;Исторический
747;Пономарева;Лариса;Аполлинариевна;13;Триллер
748;Пахомов;Сидор;Лаврентиевич;6;Нон-фикшн
749;Лобанов;Конон;Феоктистович;9;Нон-фикшн
750;Гусев;Валентин;Назарович;18;Научная фантастика
751;Ершова;Майя;Натановна;31;Фэнтези
752;Тимофеева;Анастасия;Добромысловна;23;Триллер
753;Блохина;Виктория;Ювеналиевна;24;Нон-фикшн
754;Потапова;Оксана;Дорофеевна;37;Триллер
755;Коновалов;Филарет;Фотиевич;31;Научная фантастика
756;Мишина;Любовь;Ипатовна;26;Научная фантастика
757;Буров;Андрон;Панкратович;23;Романтика
758;Зуев;Юрий;Акимович;16;Научная фантастика
759;Журавлев;Панфил;Вацлавович;4;Исторический
760;Муравьев;Устин;Гедеонович;7;Исторический
761;Воронова;Ангелина;Лукаовна;1;Фэнтези
762;Маслова;Ульяна;Викентиевна;25;Фэнтези
763;Евсеева;Лариса;Павеловна;7;Научная фантастика
764;Коновалов;Павел;Соломонович;1;Научная фантастика
765;Лапина;Анжелика;Мартыновна;27;Исторический
766;Ларионова;Кира;Ярославовна;2;Научная фантастика
767;Данилова;Ксения;Климентовна;14;Романтика
768;Макарова;Таисия;Матвеевна;3;Романтика
769;Моисеев;Капитон;Модестович;26;Исторический
770;Беляев;Модест;Твердиславович;28;Фэнтези
771;Никифоров;Светозар;Кириллович;6;Научная фантастика
772;Громов;Терентий;Аникитаович;31;Романтика
773;Якушева;Полина;Лукьяновна;38;Романтика
774;Белоусова;Элеонора;Давыдовна;3;Романтика
775;Максимов;Данила;Адамович;28;Научная фантастика
776;Шестаков;Данила;Герасимович;3;Научная фантастика
777;Федоров;Соломон;Викентиевич;26;Романтика
778;Яковлева;Пелагея;Василиевна;37;Исторический
779;Козлова;Алевтина;Романовна;10;Научная фантастика
780;Ширяева;Галина;Викторовна;5;Фэнтези
781;Шашкова;Нонна;Орестовна;26;Нон-фикшн
782;Мельников;Ратибор;Ювеналиевич;5;Романтика
783;Тетерин;Филипп;Ярополкович;3;Исторический
784;Яковлева;Лора;Сильвестровна;5;Научная фантастика
785;Быкова;Нонна;Прохоровна;31;Триллер
786;Костина;Глафира;Изяславовна;30;Нон-фикшн
787;Наумов;Прохор;Феофанович;36;Фэнтези
788;Григорьев;Степан;Ладиславович;33;Исторический
789;Терентьев;Силантий;Савватиевич;27;Научная фантастика
790;Ефремова;Эмилия;Георгиевна;19;Триллер
791;Исаков;Роман;Егорович;25;Романтика
792;Денисов;Артем;Антипович;8;Нон-фикшн
793;Шестаков;Ладимир;Аркадиевич;32;Романтика
794;Третьяков;Сократ;Дмитриевич;22;Триллер
795;Федотов;Михаил;Трофимович;1;Фэнтези
796;Наумова;Жанна;Аверьяновна;2;Научная фантастика
797;Устинова;Светлана;Никандровна;2;Триллер
798;Шарапов;Юрий;Мечиславович;34;Нон-фикшн
799;Логинова;Элеонора;Макаровна;23;Фэнтези
800;Карпова;Алина;Валерьяновна;14;Научная фантастика
801;Волкова;Наталья;Мефодиевна;29;Триллер
802;Осипова;Галина;Захаровна;7;Нон-фикшн
803;Рябова;София;Мироновна;1;Романтика
804;Смирнов;Ратибор;Никонович;18;Фэнтези
805;Козлов;Иосиф;Велимирович;23;Фэнтези
806;Игнатов;Борис;Софронович;6;Нон-фикшн
807;Лаврентьева;Агафья;Марковна;6;Триллер
808;Жданов;Любим;Фотиевич;38;Научная фантастика
809;Романова;Варвара;Валериевна;22;Научная фантастика
810;Гурьева;Кира;Елизаровна;17;Триллер
811;Дмитриева;Евфросиния;Евдокимовна;39;Триллер
812;Лихачева;Вера;Акимовна;25;Нон-фикшн
813;Комиссаров;Парамон;Александрович;14;Нон-фикшн
814;Кузнецов;Нифонт;Ефимович;38;Триллер
815;Шубин;Панфил;Андреевич;26;Исторический
816;Лебедев;Сидор;Филиппович;29;Исторический
817;Марков;Куприян;Федотович;2;Триллер
818;Никитин;Карл;Эрнстович;37;Романтика
819;Ситников;Фортунат;Иларионович;19;Научная фантастика
820;Миронова;Александра;Поликарповна;23;Романтика
821;Ефимов;Изяслав;Моисеевич;29;Триллер
822;Соколов;Соломон;Остромирович;40;Исторический
823;Гущина;Людмила;Викторовна;23;Романтика
824;Калинина;Елена;Игорьовна;17;Научная фантастика
825;Коновалова;Акулина;Назаровна;33;Исторический
826;Власова;Анжелика;Брониславовна;22;Триллер
827;Ефимова;Марфа;Аполлоновна;1;Исторический
828;Баранов;Эдуард;Остапович;26;Исторический
829;Рожкова;Лариса;Соломоновна;20;Исторический
830;Смирнов;Анисим;Карлович;32;Нон-фикшн
831;Никонова;Нинель;Варфоломеевна;27;Научная фантастика
832;Кириллова;Ирина;Аскольдовна;9;Нон-фикшн
833;Дементьев;Тимофей;Изяславович;23;Нон-фикшн
834;Пахомов;Мокей;Петрович;25;Романтика
835;Некрасов;Зосима;Лукаович;3;Исторический
836;Сазонова;Анастасия;Варлаамовна;8;Романтика
837;Никифорова;Иванна;Яновна;38;Нон-фикшн
838;Лукин;Демьян;Глебович;2;Нон-фикшн
839;Рыбаков;Максимильян;Макарович;4;Фэнтези
840;Сорокин;Панкрат;Максимович;14;Нон-фикшн
841;Маркова;Светлана;Селивановна;12;Нон-фикшн
842;Филатова;Акулина;Софроновна;7;Исторический
843;Гуляева;Лариса;Корниловна;36;Триллер
844;Суханова;Жанна;Зиновиевна;29;Нон-фикшн
845;Назаров;Трифон;Мокеевич;33;Фэнтези
846;Полякова;Александра;Прохоровна;3;Триллер
847;Самойлов;Август;Владиленович;39;Триллер
848;Рябов;Максимильян;Янович;16;Триллер
849;Владимирова;Ольга;Валентиновна;25;Триллер
850;Нестеров;Лавр;Иванович;3;Нон-фикшн
851;Кошелева;Глафира;Нифонтовна;7;Романтика
852;Сидоров;Милий;Антонинович;4;Исторический
853;Тимофеев;Фотий;Потапович;21;Фэнтези
854;Мухина;Светлана;Кондратовна;34;Нон-фикшн
855;Беляев;Юлиан;Ипатович;26;Научная фантастика
856;Филатов;Афанасий;Станиславович;37;Научная фантастика
857;Кудряшова;Феврония;Галактионовна;18;Триллер
858;Владимиров;Гурий;Нифонтович;3;Научная фантастика
859;Кириллова;Эмилия;Ерофеевна;40;Романтика
860;Романов;Всеслав;Харлампиевич;33;Исторический
861;Воронцова;Элеонора;Давыдовна;24;Научная фантастика
862;Фомина;Антонина;Устиновна;30;Романтика
863;Макарова;Алевтина;Изяславовна;40;Научная фантастика
864;Максимов;Корнил;Гедеонович;6;Фэнтези
865;Власов;Модест;Панкратиевич;17;Нон-фикшн
866;Крюков;Гедеон;Игнатиевич;31;Триллер
867;Владимиров;Влас;Никанорович;2;Фэнтези
868;Егорова;Марфа;Феликсовна;34;Триллер
869;Михайлов;Амос;Ростиславович;3;Романтика
870;Игнатова;Евдокия;Наркисовна;4;Романтика
871;Константинова;Ольга;Остаповна;7;Научная фантастика
872;Муравьева;Синклитикия;Лонгиновна;29;Триллер
873;Гордеев;Феоктист;Вениаминович;5;Фэнтези
874;Аксенова;Синклитикия;Гордеевна;28;Романтика
875;Горшкова;Елизавета;Ярополковна;3;Нон-фикшн
876;Фомина;Дарья;Всеволодовна;28;Исторический
877;Соболев;Исай;Эрнстович;37;Исторический
878;Терентьева;Зинаида;Савватиевна;5;Научная фантастика
879;Фомин;Захар;Орестович;9;Триллер
880;Шашкова;Василиса;Кондратовна;39;Романтика
881;Хохлова;Алевтина;Михеевна;35;Научная фантастика
882;Тихонова;Олимпиада;Онуфриевна;13;Фэнтези
883;Сидорова;Маргарита;Ивановна;4;Исторический
884;Киселева;Полина;Севастьяновна;12;Научная фантастика
885;Семенова;Агафья;Капитоновна;23;Фэнтези
886;Андреева;Ираида;Аверьяновна;22;Исторический
887;Князев;Серафим;Евстафиевич;35;Исторический
888;Сидорова;Галина;Наркисовна;21;Научная фантастика
889;Дроздов;Евгений;Казимирович;38;Триллер
890;Лукин;Епифан;Тимурович;9;Фэнтези
891;Павлова;Любовь;Прововна;37;Романтика
892;Мельников;Софон;Автономович;31;Нон-фикшн
893;Куликов;Якуб;Самуилович;29;Нон-фикшн
894;Соболев;Потап;Викторович;5;Исторический
895;Харитонова;Лукия;Титовна;32;Научная фантастика
896;Киселев;Ярополк;Еремеевич;16;Триллер
897;Дмитриев;Макар;Харлампиевич;22;Фэнтези
898;Воронов;Евлампий;Савелиевич;24;Нон-фикшн
899;Исакова;Агафья;Фирсовна;8;Исторический
900;Лукина;Алина;Минаовна;10;Фэнтези
901;Шарова;Ираида;Антониновна;36;Исторический
902;Марков;Моисей;Никонович;31;Фэнтези
903;Волков;Феофан;Леонтиевич;29;Романтика
904;Вишнякова;Анастасия;Серафимовна;20;Триллер
905;Макарова;Нинель;Харлампиевна;15;Научная фантастика
906;Нестеров;Игнатий;Георгиевич;14;Фэнтези
907;Ильин;Феоктист;Любомирович;10;Триллер
908;Селиверстов;Прокл;Василиевич;33;Исторический
909;Доронина;Олимпиада;Данилаовна;15;Нон-фикшн
910;Никифорова;Наталья;Твердиславовна;13;Фэнтези
911;Буров;Борис;Савватиевич;3;Фэнтези
912;Рогова;Жанна;Никаноровна;30;Триллер
913;Евсеев;Радим;Ратиборович;35;Исторический
914;Моисеева;Анастасия;Потаповна;38;Фэнтези
915;Сорокин;Анатолий;Соломонович;3;Нон-фикшн
916;Пономарев;Емельян;Святославович;21;Триллер
917;Лихачев;Гордей;Соломонович;16;Романтика
918;Лазарев;Борислав;Стоянович;9;Научная фантастика
919;Горбачева;Ксения;Акимовна;9;Триллер
920;Муравьев;Евдоким;Евстафиевич;5;Исторический
921;Архипов;Тарас;Терентиевич;22;Исторический
922;Лапин;Ким;Дмитриевич;23;Фэнтези
923;Горбунов;Кондратий;Фортунатович;10;Научная фантастика
924;Мясников;Милован;Любимович;34;Романтика
925;Баранов;Глеб;Наумович;37;Исторический
926;Матвеева;Валентина;Мокеевна;6;Нон-фикшн
927;Ларионова;Клавдия;Савватиевна;3;Фэнтези
928;Ларионов;Ананий;Никандрович;21;Нон-фикшн
929;Полякова;Галина;Марковна;6;Исторический
930;Харитонова;Алла;Светозаровна;8;Нон-фикшн
931;Наумова;Анна;Епифановна;4;Нон-фикшн
932;Федотова;Ксения;Адриановна;34;Научная фантастика
933;Наумов;Сильвестр;Артемович;24;Романтика
934;Быков;Бажен;Лаврович;1;Научная фантастика
935;Наумова;Анжела;Сергеевна;11;Триллер
936;Соболева;Тамара;Наумовна;13;Исторический
937;Воронова;Элеонора;Еремеевна;19;Нон-фикшн
938;Зимин;Юрий;Мирович;23;Нон-фикшн
939;Абрамов;Радислав;Сократович;30;Триллер
940;Родионов;Антонин;Всеславович;32;Нон-фикшн
941;Константинова;Милица;Никифоровна;9;Триллер
942;Виноградова;Виктория;Севастьяновна;28;Триллер
943;Мишин;Исидор;Серафимович;35;Нон-фикшн
944;Гаврилов;Нестор;Валериевич;27;Нон-фикшн
945;Мишина;Синклитикия;Вениаминовна;37;Триллер
946;Лапин;Леонтий;Макарович;36;Фэнтези
947;Новиков;Эдуард;Сидорович;24;Исторический
948;Васильев;Орест;Никандрович;10;Научная фантастика
949;Евсеева;Татьяна;Прововна;22;Фэнтези
950;Гусева;Фёкла;Андроновна;25;Нон-фикшн
951;Самсонов;Исай;Ярополкович;2;Романтика
952;Логинов;Лаврентий;Елисеевич;40;Научная фантастика
953;Фомин;Андроник;Панфилович;9;Нон-фикшн
954;Лазарева;Синклитикия;Денисовна;9;Триллер
955;Селезнев;Боян;Дементиевич;2;Исторический
956;Степанова;Оксана;Ермиловна;26;Исторический
957;Муравьев;Поликарп;Лаврович;3;Триллер
958;Морозов;Поликарп;Акимович;33;Фэнтези
959;Уваров;Кондратий;Семенович;23;Нон-фикшн
960;Калашникова;Наталья;Акимовна;30;Триллер
961;Трофимова;Жанна;Соломоновна;19;Нон-фикшн
962;Калинина;Таисия;Власовна;35;Исторический
963;Мельникова;Полина;Тимофеевна;30;Фэнтези
964;Быков;Трифон;Иларионович;32;Фэнтези
965;Костин;Всемил;Никандрович;20;Триллер
966;Панфилов;Радислав;Казимирович;2;Фэнтези
967;Савельев;Влас;Михаилович;9;Научная фантастика
968;Кошелева;Антонина;Ферапонтовна;17;Триллер
969;Логинов;Гурий;Провович;14;Романтика
970;Ситникова;Анастасия;Сергеевна;37;Нон-фикшн
971;Кудряшов;Савва;Тарасович;26;Триллер
972;Волкова;Прасковья;Ананиевна;36;Научная фантастика
973;Буров;Леонид;Еремеевич;29;Научная фантастика
974;Кулаков;Аникита;Степанович;39;Исторический
975;Красильников;Авксентий;Аникеевич;40;Триллер
976;Осипова;Пелагея;Болеславовна;19;Нон-фикшн
977;Гурьева;Жанна;Владимировна;25;Нон-фикшн
978;Белова;Алевтина;Савваовна;30;Фэнтези
979;Андреева;Милица;Станимировна;34;Фэнтези
980;Логинов;Гурий;Кондратович;10;Романтика
981;Дмитриева;Наина;Радиславовна;40;Фэнтези
982;Савина;Нинель;Миленовна;8;Исторический
983;Тетерин;Клавдий;Творимирович;30;Исторический
984;Попова;Татьяна;Чеславовна;12;Исторический
985;Филиппов;Давыд;Венедиктович;16;Исторический
986;Корнилов;Евлампий;Никодимович;14;Романтика
987;Рябов;Валерьян;Аникеевич;37;Триллер
988;Пестов;Сократ;Агапович;17;Романтика
989;Королев;Моисей;Аскольдович;25;Научная фантастика
990;Моисеев;Михей;Трофимович;5;Исторический
991;Калашникова;Акулина;Михеевна;21;Романтика
992;Кудряшов;Гостомысл;Агафонович;9;Фэнтези
993;Потапова;Надежда;Титовна;28;Научная фантастика
994;Яковлева;Зоя;Германовна;28;Нон-фикшн
995;Жданов;Мартьян;Родионович;15;Романтика
996;Кошелева;Оксана;Германовна;10;Нон-фикшн
997;Евдокимова;Юлия;Юлиановна;27;Нон-фикшн
998;Коновалова;Оксана;Гедеоновна;10;Фэнтези
999;Крюкова;Людмила;Максимильяновна;39;Научная фантастика
1000;Вишнякова;Алла;Фортунатовна;34;Научная фантастика
